b000jz4hqo,
b00004tkvy,
b000g80lqo,
b0006se5bq,
b00021xhzw,
b0000dbykm,b0000dbykm,
b00029bqa2,
b0007prnjo,
b000i82j80,b000i82j80,
b000in6u62,
b00006hvvo,b00006hvvo,
b0000ycfcw,
b00066dd5m,
b00002sac9,
b000bcz8ng,
b000fm18vi,
b00009apna,
b0009rgzgm,
b000ap2wyw,
b000o24l3q,b000o24l3q,
b0009jlux8,
b000cszg2m,
b00023azve,
b000ndicuy,
b0000ycfdq,
b0007yepy6,
b000cpmtwk,
b0002qnd2y,
b000h22pg8,
b0009h9q1i,
b000cqyclu,
b0001db6i6,
b000bl40dg,
b000h22rbg,
b000bezsyi,
b0007g9760,
b0001bg5gq,
b000ivhozk,
b000buqo9a,
b00032heya,
b000butd6q,b000fk8b42,b000q1pyzo,
b00032hexq,
b000b6vlh4,
b0009i9tqy,
b00024yohy,
b00020633g,
b000cbqbby,
b0002x1omi,
b0009stm6g,
b000ap0h94,
b0000ycfe0,
b00006j02n,
b0000aka82,
b00002s8if,
b0009ren8e,
b000a3x6te,
b000bnb72g,
b000ap422c,
b000098xjo,
b000314vvu,
b000fa5ens,
b0002e3g6o,
b0007iqg2q,
b000099sin,
b000hj9r3u,
b0007yll20,b0007yll20,
b0000ak7c5,
b000162zp6,
b000i84dsy,
b000gaoo7y,
b00008ajjc,
b000jj4fbw,
b000kmcf0g,
b000ozibhk,
b000h774k0,
b000162zq0,
b0006g2wke,
b000qs8n64,
b000cpshfs,
b000ehq008,
b000f7ixx4,b000f7ixx4,
b000brgbpa,
b0000c6fjm,
b00005yx8i,
b000hkgj8k,
b0002719lk,
b00006h38u,
b000lu8a10,
b0006oei8u,
b000f613x2,
b000p9cr34,
b000j4k804,
b00008mopv,
b000nwsclo,
b000ek6ekq,
b0008ews9o,
b0009y6f0g,
b000g017kg,
b0006g31i6,
b000i2qubi,
b000qfqa1w,
b000056b62,
b000fbk6gc,
b0007d8es0,
b0006z16qq,
b0002w37x8,
b0006g31ao,
b00005atxo,
b000eavbdq,
b000ozhfsq,b000ozhfsq,
b000083k83,
b0002bqqxw,
b000e6q3em,
b0009hmx36,
b0006g2zce,
b000jx3qxq,b000jx3qxq,
b0000y7wc0,
b000jbxxtk,
b000s8jxpc,
b0009zhg8k,
b000e5n0mg,b000e5n0mg,
b00079pmwa,
b0000dzfvd,
b000i2jd0s,
b00099qrok,
b000068xl9,
b000bi7uqs,
b0006g2wr2,
b000hvtk9e,
b000jjrwas,
b000jx29wa,
b00063blg8,
b0002bqrq8,
b000ecoami,
b000067vpa,
b0006b4zr2,
b000aly75i,
b000a7mfn8,
b000hlt57q,
b000fepvcs,
b0000y7wck,
b000gv8u32,
b000btas3y,
b000qv5xqy,
b000bw7kxw,
b0007q7mg2,b0007q7mg2,
b000b5ue6y,
b000ndibaa,
b0001wn1ee,
b000jgf410,
b000hcl5sm,
b0000cg4ah,
b000e8jl80,
b000coxs30,
b0001y7poo,b0001y7poo,
b000ndibq4,b000ndibq4,
b000ndibci,
b000j00xf8,
b000hlp5do,
b000edkurg,
b000kzf7oo,
b000e8jlai,b000e8jlai,
b000hc0m36,
b0008ewsai,
b00009adf3,b00009adf3,
b00009apn8,
b000rwdd9q,b000b3z2zo,
b000pihtec,
b0002bqqtq,
b000rw9md2,b0002i6l7g,
b000in18nm,
b000098xiy,
b000c55alw,
b000h20hu4,
b0009yegcu,
b00061u8sc,
b000i2y0cy,
b000ndemb2,
b000fzvv3u,
b000h14rqk,b000h14rqk,
b000ffsgga,
b000e8jlda,
b000fzxiou,
b0002h6x34,
b0001gjc52,
b000bcgfe2,
b000e8jl7q,
b000lu89xy,
b000gknmd6,
b000qtu1ay,
b000he35ss,
b000exs488,
b000egwc42,
b000q1n7du,
b000ndibnc,
b000cqnjim,
b000h5j4ka,
b000e15nhk,
b000fzz73u,
b000hkpb3e,
b000k7ving,
b000ga99ry,
b000epcfz4,
b000o39u3g,
b000hlv6mi,
b0000afu4e,
b000jgw9ae,
b000hlr9my,b000hlr9my,
b000fzz730,
b000r1g844,
b000exq2cs,
b000ozjtoo,
b000099sie,
b0001wn0li,
b000j6dues,
b0006ni698,
b000he4riu,
b00070ouja,
b000eplmpi,
b000nknb62,
b000aa8796,
b00009m8ur,
b000frttvy,
b0007d8r5k,
b000e8jlbw,
b000fzxisg,b000fzxisg,
b0008ews6w,
b000exw510,
b000fzz76m,
b00062ak2k,
b000eqazb4,
b000kmehha,
b000ndibws,
b000hlp64w,
b000bddf08,
b000evo8h6,
b000lv6pyi,
b00005ld1r,
b0006g2vk0,
b000gkli0a,b000egmaj4,
b000fbgapi,
b000qgixde,
b000oziaz8,
b00008mnxr,
b000fnevhk,
b000kg86b4,
b00097iaym,
b000ivfciq,b000ivfciq,
b000jx1kma,
b000a6na6a,
b000a3ky4e,
b000aoz7fo,
b0006g2tum,
b000icpfmi,
b0007yepyg,
b00032heyk,
b0000ycfdg,
b0009y6f56,
b000cbn9aa,
b000cpshia,
b000922dwc,
b000ogsgym,b000oftj8u,b000oftj8u,
b000b0gzu8,
b00062ujhg,
b000hed3f8,
b000enucvk,
b00032hey0,
1999,
b000dz964i,
b0002r74a0,
b000nknb44,
b000ehpzxq,
b000fkd3cc,
b00030cbu4,
b000ndibh8,
b000euhk3g,
b000cditbc,
b000krd3bq,b000krd3bq,
b000gwkol2,
b000nvkyse,
b00006rgnx,
b000qctqne,
b000bnkbdm,
b000i84dts,
b000aa87pu,
b000ivkrvs,
b000ozia62,
b000lpc8t0,b000hlt4y0,
b0002c3vqq,
b00009v7hf,
b0007d8esa,
b0006b64v2,
b000qjrska,
b000bt8trg,
b000ov0gao,
b000088ner,b000088ner,
b0009yx9by,
b000mfgx7w,
b00005op44,
b000bwbtwu,
b000emgcxs,
b0001iqnc0,b0001iqnc0,
b000b6kxfa,
b000bndghk,
b000e8jlas,
b00009qenn,
b0001h9l5m,
b0009xb12o,
b000i8od4i,
b00004nhn7,
b00062jdka,
b00022ptt8,
b000bwbu6u,
b000bgtv80,b000bgtv80,
b000o27t8a,
b000ndib6y,b000ndib6y,
b0001wn0ky,
b000q6zk3a,
b000bhq5jw,
b000hcz8gc,
b000hctyte,
b000bx24o6,b000bx24o6,
b000mtebtu,
b000hbys5k,b000hbys5k,
b000h11f9c,
b0006n99k8,
b00008mnxq,
b000hc0lw8,b000hc0lw8,
b0002b0qfg,
b000ej9w0q,b000ej9w0q,
b0007lw230,b0007lw230,b0007lw230,
b0007lw23a,b0007lw23a,b0007lw23a,
b000hbxjxc,b000hbxjxc,
b000pdnhno,b000pdnhno,
b000hcz8ey,
b0007lw22g,b0007lw22g,b0007lw22g,
b000ndib7s,
b00022ptru,
b000hlt4tu,
b000hcxklc,
b000hbvvg4,
b000hcv1ky,
b000bgpqr0,
b0007iqg3a,
b000bknncq,
b000ogsyk8,b000ogsyjy,b000ogsyjy,
b0008ewsf8,
b000ndid26,
b000h16p9m,
b000ndid62,
b000k2nktg,
b000ndibvo,
b0008glgrm,
b000k2t0ou,
b000lz6a5i,
b0009qvgeo,b0009qvgeo,
b000hcz8gm,
b000ndid4y,
b000dinb4g,b000dinb4g,
b000cc22ys,
b000h14rr4,b000h14rr4,
b000hcvr1m,
b000k2nkua,
b000hbxjve,
b0009yn1rq,
b0008glghc,
b000ehs6ic,b000ehs6ic,
b000hctysa,b000hctysa,
b000k7vinq,
b000hbxjuk,
b000hcvr5s,
b000ndible,
b000h16p9w,b000h16p9w,
b000bwzxk4,
b0008glgea,b0008glgea,
b000o26lo8,
b000ndibe6,
b000dn7k8y,
b000cs3s2m,b000cs3s2c,
b00005wf9v,
b000ndibri,b000ndibri,
b0001an1n2,
b000bgtvda,
b0008glg1i,b0008glg1i,
b00001xdw7,
b000o27qfq,
b000j1cit6,
b000hcxkks,
b0001wn1fs,
b0001wn1a8,
b000aa87go,
b000ndibwi,
b000h16pag,b000h16pag,
b0001gu7di,
b000hbxjt6,
b000fis8ew,
b000o27ti0,
b000hcz9ac,
b0009i5px0,
b0000als2s,
b0001av65w,
b000ofnrhy,b000ofnrhy,b000ofnrhy,b000ofnrhy,b000ogsgzq,b000ogsgzq,
b0001nm7zm,
b0000696oh,
b000bi8m2e,
b0009n4gx0,
b000pgq8sm,
b000k6b2l0,
b000ezp0n8,
b00030iej6,
b000cfx744,
b000k2pa3a,
b00022pti4,b00022pti4,
b000jx7g3c,
b000eu10wi,
b000h1xy3m,
b000bckm7i,b000bckm7i,
b0009tqb3w,
b000pgs3cq,
b0007vubx8,
b000k5uxys,
b000ecqxjq,b000ecqxjq,
b000ndicpy,b000ndicpy,
b000fjsa2g,
b00078x3hm,
b0002nt5ho,
b000ivl050,
b000cnf014,
b000ivjsb8,
b000he39mk,
b000csralc,
b000in8nhq,
b000piht7e,
b000i8od5w,
b000bs2vzs,
b00062vos4,
b000nlwxii,
b00002s75b,
b000io79mu,
b000pijszk,
b000ub6avc,
b00008mnxz,b00008mnxz,
b000o39yge,
b000gcd73y,
b000jx5ppi,
b000b676fa,
b000bh3dbk,
b0002iwyke,
b000egidpo,
b000mgvnks,
b000ml8d5q,
b000bcdrdo,b000bcdrdo,
b000olsreg,
b00007bguc,
b00001qgvr,
b000mg2kpk,
b0000ca2ix,
b0007yepx2,
b000fmncb2,
b0001ghg64,
b000r1cs5w,
b000lu9cwg,
b000o39tgo,b000o39tgo,
b000dzfdbi,
b000gw55es,
b0007znn48,
b000s5x3q0,
b000fer1cq,
b000kbszns,
b000bi641a,
b000saufpw,
b000p5in5e,
b000frs492,
b000gi7itw,
b000tilkpc,
b0001ipy66,
b00074dy8e,
b000tl4qb4,
b000jx5jnq,
b000exw524,
b000q71qqy,
b0002ce0v6,
b000h69szu,
b000ftpmc2,
b000qfrt4o,
b000bwzy7q,
b000bndgzw,
b000fovsha,
b000i8thy4,
b00009nfc1,
b000sqnbp2,
b000nkpf7u,
b000cepgwg,
b000h6d2do,
b000ov404w,
b000cqpc32,
b00076ywii,
b00062uji0,b00062uji0,
b000bcicr0,
b000ujw3ss,
b000rlnqcq,
b000a2zlam,
b000fem8ew,
b000cco5wa,
b00027eqmy,
b000ccvp0a,
b0009gd0km,
b000cabe4y,
b0006a5iwe,
b00062vfec,
b0002dlrru,
b000ixvqk2,
b000fjs8sc,
b000p49vis,
b000egoe9s,
b000ofnri8,b000ofnri8,b000ofnri8,
b00081i6ji,
b000h25yoi,
b000b85aag,
b0000vmim2,b0000vmim2,
b000ndib82,
b000lrdlia,b000lrdlia,
b000kipk02,
b00007eegy,
b000bs5icq,
b000gcgqd2,b000gcgqd2,
b000o3efrm,
b000n5meva,
b0001g6q2e,
b000csramg,
b000qclgqo,
b000hzrlim,
b000eiau3u,
b000a2aknu,
b000mu6mve,
b000edgo2q,
b0002itt84,
b000e6mjig,
b0000c7gep,b0000c7gep,
b000v05f4k,
b000bt559q,
b000g6gn2m,
b000edvrtq,
b000aa878m,
b0002al1z6,
b000ep3gei,
b00009v3nw,
b0000vyk1o,
b000ep8oju,
b000ecyp0k,
b000ndib8m,b000ndib8m,
b0002oqy1i,
b000i8od48,
b000dz9yoa,
b00013wgz8,
b0007sxgn8,
b000h27psq,b000h24200,
b000h13a2w,b000h13a2w,
b000h241zg,b000h241zg,
b0001wn18u,
b000fovsei,
b000om8fba,
b000hhzie4,
b000ra5bl6,
b000ra5bmk,
b000hjott2,
b000exs47y,
b0009yx9bo,b0009yx9bo,
b000jx1kdy,b000hi1i9c,
b000h229d2,
b0002ibeve,
b000lu89uc,
b000hhvb2w,b000hhvb2w,
b000fbgaia,
b000pdomn8,
b00068u7ww,
b0007sxglk,b0007sxglk,b0007sxglk,
b0006nkbn2,b0006nkbn2,
b00019jgwi,
b0001xnkp8,
b000ndibjq,
b000i0bp6k,
b0007sxgmo,
b000b6oboo,
b000bc38o2,
b000eqy0ss,
b000hlp5yi,
b000hhvb9k,b000hlt5g2,
b000h241x8,
b0000azk3v,b0000azk3v,
b0000azvvs,b0000azvvs,
b0006b6b1a,
b00007kh02,b00007kh02,
b000barbaq,
b000frqfe8,b000frqfe8,
b0007l9ecw,
b000b6oboy,
b000o3d94m,
b000o39u3q,b000o39u3q,
b000cik6rc,
b0001wn0sq,
b000h5fo8g,
b000e13es0,
b000fiej4k,
b000mti8mq,
b000fn6c2c,
b000e0v924,
b000na1v8w,
b000abapo0,
b000tilkq6,
b000nkrj0q,
b000nvspyo,
b00013wh0w,b00013wh0w,
b00006gxbz,b00006gxbz,b00006gxbz,
b000ndibqy,
b000gcd6lw,b000gcd6lw,b000gbukgm,b000gbukgm,
b000ndichc,
b000l1phg0,b000l1phg0,
b000a7q6n8,b000a7q6n8,
b000g3mer8,b000g3mer8,
b000nknb8k,
b000jf5zec,b000jf5zec,
b000fvqo0o,b000fvqo0o,
b000fncrto,
b000mmt6s8,
b000v7v2uo,
b0009afff6,
b000qeitty,
b000mz7c36,
b000m2yc32,
b000e3e2km,
b0007lw22q,b0007lw22q,
b0007zf3ge,
b00097alks,
b000rgxto6,
b000099108,
b000mz7c2w,
b000lu89yi,
b00004ochj,
b0009jhv1s,
b000b5rweg,
b00006y0es,
b0008glgmc,b0008glgmc,
b000hbvvka,
b000g7wses,
b000e3c6c8,
b000o231le,b000o231le,
b0009mg80a,
b000kjzigw,
b000ph8xs4,
b000o3bgh4,
b000hed3fi,
b000b6n2lw,b000b6n2lw,
b000068u3h,
b0006513tg,
b000kmehfw,
b000hlp5wa,
b000bgpqos,
b0000c6eol,
b000jx1kgq,
b000s604de,
b000h25yr0,
b000ogsh3c,
b000m6xk4k,
b000qxd2tc,
b000saufbg,
b000fngzs8,
b000b6n2m6,b000b6n2m6,
b000io799i,
b000ik414i,
b0009suw4w,b0009suw4w,
b000mgo1r0,
b00007e8bi,
b000ndibkk,
b0008g2bvm,
b000cp4ja0,
b0009yegpc,b0009yegpc,
b000hhxevi,
b0007r7e7i,
b000bnjmnc,
b000o3ek2m,
b000230e4m,
b000egidue,
b000iz8vqw,
b000p4tc82,
b000bypfu0,
b000ndib96,
b000q1pyv8,
b000hpjgw6,
b000mgo5bw,
b000ra77bs,
b000jh7c6y,
b000ndicze,b000ndicze,
b0002z8a1o,
b000exw51k,b000exw51k,
b000hi1i6u,
b000jiqlxi,
b000om7diq,b000om7diq,b000om7diq,
b000o3bge2,
b0009dxjuq,
b000b63xha,
b000nif4im,
b000in34bq,
b000v7rij8,
b000e2d3lc,
b000ffcdim,
b000fzxipo,b000fzxipo,
b000b57k4s,
b000hedyio,
b000pg7ha0,
b0000vmimw,
b000ehs6h8,
b0007wv3ei,
b000i4rmfe,
b000ar96bm,
b000e8rdrq,
b000b5srju,
b000ehs6gy,
b000g80lku,
b000pienlo,b000pienlo,
b000aqvrry,
b000szzpi4,
b000ro5o7s,b000ro5o7s,
b000jlj0cy,
b00099xf0e,
b00005birs,
b000fn6cf4,
b0006ma3bs,
b0001gu7jc,
b000k7vio0,
b0000899lt,
b000brczzk,b000brm3xe,b000brm3xe,
b000ivjv10,
b0001d56uu,
b000rlqnr6,
b000nknb26,b000nknb26,
b000jx1on0,
b0002fgfiy,
b000h0k3zu,b000h0k3zu,
b000trgqqg,
b0007yepxc,
b000090179,b000090179,b000090179,b000090179,
b0009jhv5e,
b000787g6q,
b00024wjrq,
b000n28264,
b000nkklwe,
b00076ywj2,
b000a40w4a,
b000licg1m,
b000eg6d5q,
b0001xngz2,
b000hbysf0,
b000f7gysa,
b000fdetxq,b000fdetxq,
b000099107,
b000hjdpx8,
b000in6trc,
b000bu7u48,
b000fowht8,
b000eqieik,
b0001fyrq2,
b0009dt87e,
b000ra3l3g,
b0009nr9mu,
b000t9luce,
b0002ip4lu,
b000hjqyc2,
b0001fyrqm,
b00099e4ya,
b0000990y7,
b000o39u8q,b000o39u8q,
b000nkfee4,
b00099xdpq,
b000ra778g,
b000bdiqpc,
b000fetuiy,
b0009suw5q,
b000in4uak,
b0009yx9be,
b00002s5ig,b00002s5ig,b00002s5ig,b00002s5ig,
b000gzy7oo,
b0001xnkoy,
b000ra20uq,
b000h1de00,
b000o39qoo,
b000byruai,
b000bo9rt0,b000bo9rt0,
b000nkj29c,
b000hpf7p6,
b0000959kx,
b000o8g7z0,
b000ie8u4g,b000io7a9m,
b000fp0k0u,
b000ieaplw,
b0002uhuii,
b000hlp5w0,
b000f4ei40,
b000hhvbdq,
b000egidpe,b000egidpe,
b0007sxgla,
b000o8gs3g,
b000m6wlyk,
b000hhxeuo,
b000fqvxf0,
b000o3bj3k,
b000gihfyu,
b000o3d9ce,
b000bwa1jw,
b000fer1d0,
b000b56boi,
b000g0oom4,
b000gkpe14,
b000qxdj0y,
b000gkpds8,
b000hed3gm,
b000aoz7hw,
b000pg8kxs,
b000he9pr8,
b000pg8kwe,b000pg8kwe,
b00083czbg,
b000hed3fs,
b000ea9u2a,
b000pgaimo,
b000e136ga,
b000gr1ceu,b000gr1ceu,
b0009hl34q,
b000ffsgho,
b000bcicwa,
b000g0lieq,
b0000c4dx0,
b000ovft92,
b000p9eqva,
b000itvtqm,
b000mvp5i4,
b000eezn2c,
b000ghwq7c,
b0006b63rw,
b0001bfdau,b0001bfdau,b0001bfdau,
b000etjjae,
b00019tb00,b00019tb00,b00019tb00,
b000070ilx,
b000bljed2,
b0009dwkwo,b0009dwkwo,b0009dwkwo,
b000ri161w,
b000ayxld4,
b0009i5sgy,b0009i5sgy,b0009i5sgy,b0009i5sgy,
b000mcianu,b000mcianu,
b000k6b3zu,
b0009jgv50,
b000qxd2tm,
b000bsfs3k,
b00005aycg,b00005aycg,b00005aycg,b00005aycg,b00007g3ai,b00007g3ai,b00007g3ai,b00007g3ai,
b000fcyts2,
b000g0lkcg,
b0006vc3vc,
b00006iqth,
b000he9psc,
b000pgvk5s,b000pgvk5s,
b0002x9a1u,
b000h3lza4,
b000b6n2o4,b000b6n2o4,
b000enucs8,b000enucs8,b000enucs8,
b000gaqlxe,b000gaqlxe,
b00021lrw2,
b000ndibl4,
b000fdetx6,b000fdetx6,
b000a0s3x6,
b000euhiug,
b000eztvym,
b0006aao9g,
b000bx441w,
b0002735fi,
b000bs5ibm,
b000phd8ha,
b0006aao96,
b0002jtvng,
b000ub66ha,
b000hl1eie,
b000feyg7o,
b000bx5ggy,b000bx5ggy,
b0002vjvxy,
b000mrnc9m,
b00061m0qk,
b000u1w4us,
b000aoz7jk,
b000iw5kv4,
b00009l1hv,b00009l1hv,
b000iaolaw,
b00002s755,
b000ihxoa8,
b0001wn0m2,b0001wn0m2,
b000fbju6e,
b000byrinm,
b0007ly3zu,
b000e28ut2,
b000hlt5hq,
b0006i7glw,
b000j4oxf0,
b000afkxso,
b000iek7kg,
b000lxdrjm,
b000gamw7s,
b0006aaoiw,
b000h294mq,b000h294mq,
b000bwzzlg,
b000j6ddrw,b000j6ddrw,
b000k67vss,
b000m9c70k,
b0002wt64m,
b00094ot4a,
b000iwarqw,
b000ldqs9s,
b0001xdysq,
b000exu9ay,
b000k6crb4,
b000j5lgg8,b000oqjdna,
b000hkim7q,
b000ndibbo,
b000bx0006,b000bx0006,
b000922deu,
b0001wn16m,b0001wn16m,b0001wn16m,b0001wn16m,
b0002vcuzk,
b00094oszk,
b000b6kh38,
b0009ftmj6,
b000e3fn4g,b000e3fn4g,
b000jgqt28,
b0002mg5uk,
b000pijt6i,
b000ndibge,
b000ivhlgc,
b000fiejt0,
b000mfqzoi,
b00004ochi,b00004ochi,b00004ochi,b00004ochi,
b000qd9f5w,
b000tme1ke,
b000lwfbem,b000lwfbem,
b000lp6jky,
b000bp8alk,
b000edjjhs,
b000h2can6,
b000hbysc8,
b000ndid44,b000ndid44,
b0002w30e4,
b000fzz77q,
b0002ibev4,
b000bckm46,
b000bsf1iw,
b0009affew,
b000feygds,
b000emcays,
b00007m5vg,
b000fkbhlg,
b000btac30,
b000i3g30k,
b00007e8d4,
b000byr41s,
b000b6n2oe,
b000frs438,
b000gcbov6,
b000gcgq82,
b000hcu7b8,
b000h27puo,
b000gcd6qc,
b000exs456,
b00029rapc,
b000ag5sb0,
b0000dk573,
b000oajy8a,
b000in351k,
b000bdezfw,
b000ovnlxs,
b000jx5nm8,
b0001fyrqc,b0001fyrqc,b0001fyrqc,
b000ej9w0g,
b0002e3lpk,
b000056b63,
b000ro5o78,b000ro5o78,b000ro5o78,
b000in35ho,
b000fc4du6,
b000h2421o,
b000gb1xfo,
b000lff13k,b000lff13k,
b000gb0m7y,
b000bcgf9m,
b000gaywoe,
b000nknaze,
b000i5wcp8,
b000ivkrww,b000ivkrww,b000ivkrww,
b0000c4m1w,
b000i8od3y,
b000oahvl2,
b0000c7fpt,
b0009jgv6o,
b0009eu0ca,
b000hcqqmc,
b000fj16ou,
b00006sijr,b00006sijr,b00006sijr,b00006sijr,b00006sijq,b00006sijq,b00006sijq,b00006sijq,
b000h229fa,
b000in8n30,b000in8n30,
b000j00xeo,
b000ndicqi,
b0009jearq,
b000067fk7,b000067fk7,b000067fk7,b000067fk7,
b000ijngeu,
b000aoz7ko,
b000bsf02e,
b000ro7h3w,b000ro7h3w,
b00002s6sc,b00002s6sc,b00002s6sc,b00002s6sc,b000063v0z,
b000v7pf3o,
b000ihxad4,
b000o27rgy,
b00009k780,
b00006jo4g,b00006jo4g,b00006jo4g,b00006jo4g,b00006jo4g,
b000v7y5j4,
b000f7bps4,
b000gkxmea,
b000gwfgqk,
b00006h3dw,
b000gkshi6,b000gkshi6,
b000bd1ad2,
b0001mbatc,
b0009hj5ve,b0009hj5ve,b0009hj5ve,b0009hj5ve,
b000o39qyo,
b000k757w4,
b000e65hki,
b000p4v8am,
b000v809mk,
b000v7vz2e,
b000hlt55i,
b0009yn1ks,
b000fabege,
b000ezmxcy,
b00008wiww,
b000skvy20,
b000j1h08k,
b000hhvb5e,
b000hi1i2e,
b000b6jasg,
b000gamysk,
b000jx3mx0,
b000twz14o,
b000lozewy,
b000i7zabo,
b000hkpfje,
b00004t2un,
b000v7riie,
b00005v55b,b00005v55b,
b00065hjvc,
b000nkpf7k,
b000jx5rz6,
b000ndo7n0,
b000gcgqvy,
1931102953,
b0000yebre,
b000egidpy,
b000gpsz42,
b000i84dum,
b000hus51e,
b000bb7fjw,
b000bgtvbc,
b000v7vz1u,
b0007m69s8,
b000051sgq,
b000rhdusa,b000rhdusa,
b000jx5shs,
b000ezmxz6,
b000v9yxj4,
b000pienka,
b000fb9w3a,
b000szyqam,
b000jx84va,
b000nkklwy,
b000in6tnq,
b000iflerk,
b000exu99k,
b000kmaa8a,
b000lptgc2,
b00005auzh,
b000ndibhi,
b00005rd70,
b0000cdvuh,
b000rsk7k8,
b0009x6qew,
b000tdgyks,
b000pihtbk,b000pihtbk,
b0002yiuns,
b000in8mj0,
b00005bigp,
b000h1df7w,
b000p9cr66,b000p9cr66,
b000j588g4,
